{"cameraMode":{"drawMode":0,"name":"Shaded","section":"Shading Mode"},"sceneLighting":true,"audioPlay":false,"sceneViewState":{"showFog":true,"showMaterialUpdate":false,"showSkybox":true,"showFlares":true,"showImageEffects":true,"showParticleSystems":true},"in2DMode":false,"pivot":{"x":-0.6472814083099365,"y":0.6242258548736572,"z":0.6632413864135742},"rotation":{"x":-0.0856906995177269,"y":0.8945958614349365,"z":-0.19517916440963746,"w":-0.3927600383758545},"size":4.5463056564331059,"orthographic":false}