{"cameraMode":{"drawMode":0,"name":"Shaded","section":"Shading Mode"},"sceneLighting":true,"audioPlay":false,"sceneViewState":{"showFog":true,"showMaterialUpdate":false,"showSkybox":true,"showFlares":true,"showImageEffects":true,"showParticleSystems":true},"in2DMode":false,"pivot":{"x":-5.848865509033203,"y":-2.784348487854004,"z":2.1690142154693605},"rotation":{"x":0.1876712441444397,"y":0.8088045120239258,"z":-0.34990763664245608,"w":0.4337998628616333},"size":21.745304107666017,"orthographic":false}