{"cameraMode":{"drawMode":0,"name":"Shaded","section":"Shading Mode"},"sceneLighting":true,"audioPlay":false,"sceneViewState":{"showFog":true,"showMaterialUpdate":false,"showSkybox":true,"showFlares":true,"showImageEffects":true,"showParticleSystems":true},"in2DMode":false,"pivot":{"x":0.8403913378715515,"y":0.1470259428024292,"z":-0.3721405565738678},"rotation":{"x":0.08218958973884583,"y":0.7905594110488892,"z":-0.10883599519729614,"w":0.5970056056976318},"size":4.288293838500977,"orthographic":false}